{
    "MAE": 0.03104226291179657,
    "MSE": 0.0020421016961336136,
    "RMSE": 0.045189619064331055,
    "R2": 0.02782261371612549,
    "best_val_loss": 0.0020421016961336136
}