{
    "Validation": {
        "scaled": {
            "MAE": 0.01773225888609886,
            "MSE": 0.0006874182145111263,
            "RMSE": 0.026218662038445473,
            "R2": 0.6727428436279297,
            "MAPE": 42.64094924926758
        },
        "real": {
            "MAE": 135208.46875,
            "MSE": 39966920704.0,
            "RMSE": 199917.28125,
            "R2": 0.6727428436279297,
            "MAPE": 30.138822555541992
        }
    },
    "Test": {
        "scaled": {
            "MAE": 0.017259521409869194,
            "MSE": 0.0005936577217653394,
            "RMSE": 0.02436509169638157,
            "R2": 0.6893056631088257,
            "MAPE": 42.57204055786133
        },
        "real": {
            "MAE": 131603.859375,
            "MSE": 34515628032.0,
            "RMSE": 185783.828125,
            "R2": 0.6893056631088257,
            "MAPE": 29.892990112304688
        }
    },
    "best_val_loss": 0.0006874182145111263
}