{
    "Validation": {
        "scaled": {
            "MAE": 0.03413179889321327,
            "MSE": 0.002428668551146984,
            "RMSE": 0.0492815226316452,
            "R2": -0.15620911121368408,
            "MAPE": 87.14240193367004
        },
        "real": {
            "MAE": 260254.9375,
            "MSE": 141204291584.0,
            "RMSE": 375771.59375,
            "R2": -0.15620911121368408,
            "MAPE": 59.86822843551636
        }
    },
    "Test": {
        "scaled": {
            "MAE": 0.03345509618520737,
            "MSE": 0.0022315026726573706,
            "RMSE": 0.0472387820482254,
            "R2": -0.1678704023361206,
            "MAPE": 88.55078220367432
        },
        "real": {
            "MAE": 255095.078125,
            "MSE": 129740947456.0,
            "RMSE": 360195.71875,
            "R2": -0.16787028312683105,
            "MAPE": 59.3394935131073
        }
    },
    "best_val_loss": 0.002428668551146984
}