{
    "Validation": {
        "scaled": {
            "MAE": 0.019117962568998337,
            "MSE": 0.000785547774285078,
            "RMSE": 0.028027625754475594,
            "R2": 0.6260265409946442,
            "MAPE": 45.52809000015259
        },
        "real": {
            "MAE": 145774.4375,
            "MSE": 45672239104.0,
            "RMSE": 213710.640625,
            "R2": 0.6260265111923218,
            "MAPE": 32.07389712333679
        }
    },
    "Test": {
        "scaled": {
            "MAE": 0.01859336346387863,
            "MSE": 0.0006875651888549328,
            "RMSE": 0.026221463456749916,
            "R2": 0.6401585638523102,
            "MAPE": 45.991817116737366
        },
        "real": {
            "MAE": 141774.390625,
            "MSE": 39975477248.0,
            "RMSE": 199938.6875,
            "R2": 0.6401585638523102,
            "MAPE": 32.15831220149994
        }
    },
    "best_val_loss": 0.0007855477160774171
}