{
    "Validation": {
        "scaled": {
            "MAE": 0.03145937994122505,
            "MSE": 0.0020481336396187544,
            "RMSE": 0.04525630921125412,
            "R2": 0.02495098114013672,
            "MAPE": 86.71854400634766
        },
        "real": {
            "MAE": 239877.765625,
            "MSE": 119079772160.0,
            "RMSE": 345079.375,
            "R2": 0.024950921535491943,
            "MAPE": 58.579986572265625
        }
    },
    "Test": {
        "scaled": {
            "MAE": 0.030674345791339874,
            "MSE": 0.00181030563544482,
            "RMSE": 0.04254768788814545,
            "R2": 0.052565574645996094,
            "MAPE": 86.22749328613281
        },
        "real": {
            "MAE": 233891.875,
            "MSE": 105252298752.0,
            "RMSE": 324426.09375,
            "R2": 0.05256563425064087,
            "MAPE": 57.74191665649414
        }
    },
    "best_val_loss": 0.0020481336396187544
}