{
    "Validation": {
        "scaled": {
            "MAE": 0.033077891916036606,
            "MSE": 0.0024805415887385607,
            "RMSE": 0.04980503395199776,
            "R2": -0.18090415000915527,
            "MAPE": 78.27276587486267
        },
        "real": {
            "MAE": 252218.921875,
            "MSE": 144220225536.0,
            "RMSE": 379763.375,
            "R2": -0.18090415000915527,
            "MAPE": 53.9482057094574
        }
    },
    "Test": {
        "scaled": {
            "MAE": 0.033183056861162186,
            "MSE": 0.0022895256988704205,
            "RMSE": 0.04784898832440376,
            "R2": -0.19823718070983887,
            "MAPE": 83.4669291973114
        },
        "real": {
            "MAE": 253020.796875,
            "MSE": 133114445824.0,
            "RMSE": 364848.53125,
            "R2": -0.19823706150054932,
            "MAPE": 56.16799592971802
        }
    },
    "best_val_loss": 0.0024476610124111176
}