{
    "Validation": {
        "scaled": {
            "MAE": 0.03138795867562294,
            "MSE": 0.0021991264075040817,
            "RMSE": 0.04689484462141991,
            "R2": -0.04693174362182617,
            "MAPE": 81.0828628540039
        },
        "real": {
            "MAE": 239333.1875,
            "MSE": 127858581504.0,
            "RMSE": 357573.1875,
            "R2": -0.04693174362182617,
            "MAPE": 55.17279052734375
        }
    },
    "Test": {
        "scaled": {
            "MAE": 0.031730685383081436,
            "MSE": 0.0020697296131402254,
            "RMSE": 0.04549428075551987,
            "R2": -0.08320558071136475,
            "MAPE": 86.02767944335938
        },
        "real": {
            "MAE": 241946.484375,
            "MSE": 120335384576.0,
            "RMSE": 346893.90625,
            "R2": -0.08320558071136475,
            "MAPE": 57.66617202758789
        }
    },
    "best_val_loss": 0.0021991264075040817
}