{
    "Validation": {
        "scaled": {
            "MAE": 0.03140823915600777,
            "MSE": 0.0021992104593664408,
            "RMSE": 0.04689573869109154,
            "R2": -0.046971678733825684,
            "MAPE": 81.18912506103516
        },
        "real": {
            "MAE": 239487.828125,
            "MSE": 127863463936.0,
            "RMSE": 357580.0,
            "R2": -0.046971678733825684,
            "MAPE": 55.247772216796875
        }
    },
    "Test": {
        "scaled": {
            "MAE": 0.03174026682972908,
            "MSE": 0.0020692457910627127,
            "RMSE": 0.04548896476626396,
            "R2": -0.08295238018035889,
            "MAPE": 86.11682891845703
        },
        "real": {
            "MAE": 242019.546875,
            "MSE": 120307236864.0,
            "RMSE": 346853.34375,
            "R2": -0.08295226097106934,
            "MAPE": 57.72279357910156
        }
    },
    "best_val_loss": 0.002199210226535797
}