{
    "Validation": {
        "scaled": {
            "MAE": 0.023360056802630424,
            "MSE": 0.0012751284521073103,
            "RMSE": 0.035708941519260406,
            "R2": 0.3929533362388611,
            "MAPE": 52.34152674674988
        },
        "real": {
            "MAE": 178120.40625,
            "MSE": 74136764416.0,
            "RMSE": 272280.6875,
            "R2": 0.3929532766342163,
            "MAPE": 37.08347678184509
        }
    },
    "Test": {
        "scaled": {
            "MAE": 0.023615596815943718,
            "MSE": 0.001230524736456573,
            "RMSE": 0.03507883474230766,
            "R2": 0.35599738359451294,
            "MAPE": 52.14851498603821
        },
        "real": {
            "MAE": 180068.921875,
            "MSE": 71543472128.0,
            "RMSE": 267476.125,
            "R2": 0.3559974431991577,
            "MAPE": 36.648374795913696
        }
    },
    "best_val_loss": 0.0012751285685226321
}