{
    "Validation": {
        "scaled": {
            "MAE": 0.017413010820746422,
            "MSE": 0.0007028141408227384,
            "RMSE": 0.02651064284145832,
            "R2": 0.6654133200645447,
            "MAPE": 40.489256381988525
        },
        "real": {
            "MAE": 132774.203125,
            "MSE": 40862052352.0,
            "RMSE": 202143.640625,
            "R2": 0.6654133200645447,
            "MAPE": 28.633108735084534
        }
    },
    "Test": {
        "scaled": {
            "MAE": 0.017040183767676353,
            "MSE": 0.0006156196468509734,
            "RMSE": 0.02481168322265148,
            "R2": 0.6778117418289185,
            "MAPE": 40.93799293041229
        },
        "real": {
            "MAE": 129931.3984375,
            "MSE": 35792510976.0,
            "RMSE": 189189.09375,
            "R2": 0.6778117418289185,
            "MAPE": 28.567156195640564
        }
    },
    "best_val_loss": 0.0007028140826150775
}