{
    "Validation": {
        "scaled": {
            "MAE": 0.01906549744307995,
            "MSE": 0.0007329853251576424,
            "RMSE": 0.027073701843619347,
            "R2": 0.6510498523712158,
            "MAPE": 47.98265838623047
        },
        "real": {
            "MAE": 145374.421875,
            "MSE": 42616221696.0,
            "RMSE": 206436.96875,
            "R2": 0.6510498523712158,
            "MAPE": 33.35147476196289
        }
    },
    "Test": {
        "scaled": {
            "MAE": 0.018777498975396156,
            "MSE": 0.0006890848162584007,
            "RMSE": 0.026250425726175308,
            "R2": 0.6393632888793945,
            "MAPE": 50.11265182495117
        },
        "real": {
            "MAE": 143178.421875,
            "MSE": 40063823872.0,
            "RMSE": 200159.5,
            "R2": 0.6393632888793945,
            "MAPE": 33.613887786865234
        }
    },
    "best_val_loss": 0.0007329852087423205
}