{
    "Validation": {
        "scaled": {
            "MAE": 0.026262497529387474,
            "MSE": 0.0014998959377408028,
            "RMSE": 0.038728490471839905,
            "R2": 0.2859489321708679,
            "MAPE": 65.4152603149414
        },
        "real": {
            "MAE": 200251.53125,
            "MSE": 87204880384.0,
            "RMSE": 295304.71875,
            "R2": 0.28594887256622314,
            "MAPE": 45.895477294921875
        }
    },
    "Test": {
        "scaled": {
            "MAE": 0.026235762983560562,
            "MSE": 0.00137165910564363,
            "RMSE": 0.03703591600060463,
            "R2": 0.28213387727737427,
            "MAPE": 67.88756561279297
        },
        "real": {
            "MAE": 200047.703125,
            "MSE": 79749120000.0,
            "RMSE": 282398.875,
            "R2": 0.28213393688201904,
            "MAPE": 46.82472610473633
        }
    },
    "best_val_loss": 0.001499895821325481
}