{
    "Validation": {
        "scaled": {
            "MAE": 0.032684680074453354,
            "MSE": 0.0022193733602762222,
            "RMSE": 0.04711022600531578,
            "R2": -0.05657064914703369,
            "MAPE": 89.11790466308594
        },
        "real": {
            "MAE": 249220.703125,
            "MSE": 129035747328.0,
            "RMSE": 359215.46875,
            "R2": -0.05657064914703369,
            "MAPE": 60.32377624511719
        }
    },
    "Test": {
        "scaled": {
            "MAE": 0.03198293596506119,
            "MSE": 0.002023878041654825,
            "RMSE": 0.04498753324151039,
            "R2": -0.05920886993408203,
            "MAPE": 90.76942443847656
        },
        "real": {
            "MAE": 243869.875,
            "MSE": 117669535744.0,
            "RMSE": 343029.9375,
            "R2": -0.05920886993408203,
            "MAPE": 59.807525634765625
        }
    },
    "best_val_loss": 0.00210479274392128
}