{
    "Validation": {
        "scaled": {
            "MAE": 0.03195993974804878,
            "MSE": 0.0021296064369380474,
            "RMSE": 0.0461476594209671,
            "R2": -0.013835549354553223,
            "MAPE": 87.45977020263672
        },
        "real": {
            "MAE": 243694.53125,
            "MSE": 123816648704.0,
            "RMSE": 351875.90625,
            "R2": -0.013835549354553223,
            "MAPE": 58.99671936035156
        }
    },
    "Test": {
        "scaled": {
            "MAE": 0.031554244458675385,
            "MSE": 0.0019689183682203293,
            "RMSE": 0.044372495263814926,
            "R2": -0.030445337295532227,
            "MAPE": 87.1841049194336
        },
        "real": {
            "MAE": 240601.109375,
            "MSE": 114474123264.0,
            "RMSE": 338340.25,
            "R2": -0.030445098876953125,
            "MAPE": 58.60360336303711
        }
    },
    "best_val_loss": 0.0021059487480670214
}