{
    "Validation": {
        "scaled": {
            "MAE": 0.02902086079120636,
            "MSE": 0.0018614172004163265,
            "RMSE": 0.043144144117832184,
            "R2": 0.11384057998657227,
            "MAPE": 69.25372314453125
        },
        "real": {
            "MAE": 221284.078125,
            "MSE": 108223946752.0,
            "RMSE": 328974.09375,
            "R2": 0.11384057998657227,
            "MAPE": 49.000545501708984
        }
    },
    "Test": {
        "scaled": {
            "MAE": 0.02853221260011196,
            "MSE": 0.0016693073557689786,
            "RMSE": 0.04085715860128403,
            "R2": 0.12635785341262817,
            "MAPE": 69.82476043701172
        },
        "real": {
            "MAE": 217558.109375,
            "MSE": 97054564352.0,
            "RMSE": 311535.8125,
            "R2": 0.12635797262191772,
            "MAPE": 48.690982818603516
        }
    },
    "best_val_loss": 0.0018614170840010047
}