{
    "Validation": {
        "scaled": {
            "MAE": 0.009791863150894642,
            "MSE": 0.0003559601027518511,
            "RMSE": 0.018866904079914093,
            "R2": 0.8423328250646591,
            "MAPE": 19.70093995332718
        },
        "real": {
            "MAE": 74662.9609375,
            "MSE": 20695742464.0,
            "RMSE": 143860.15625,
            "R2": 0.8423328399658203,
            "MAPE": 14.073474705219269
        }
    },
    "Test": {
        "scaled": {
            "MAE": 0.009789868257939816,
            "MSE": 0.00035479155485518277,
            "RMSE": 0.01883591152727604,
            "R2": 0.8462656289339066,
            "MAPE": 18.758322298526764
        },
        "real": {
            "MAE": 74647.7421875,
            "MSE": 20627802112.0,
            "RMSE": 143623.828125,
            "R2": 0.8462656140327454,
            "MAPE": 13.913732767105103
        }
    },
    "best_validation_rmse": 0.018866904687217693
}