{
    "Validation": {
        "scaled": {
            "MAE": 0.017529498785734177,
            "MSE": 0.0007048307452350855,
            "RMSE": 0.02654864825308323,
            "R2": 0.6644532978534698,
            "MAPE": 41.672104597091675
        },
        "real": {
            "MAE": 133662.4375,
            "MSE": 40979296256.0,
            "RMSE": 202433.4375,
            "R2": 0.6644532978534698,
            "MAPE": 29.4643372297287
        }
    },
    "Test": {
        "scaled": {
            "MAE": 0.01701636053621769,
            "MSE": 0.0005979876732453704,
            "RMSE": 0.02445378713309765,
            "R2": 0.6870395243167877,
            "MAPE": 41.63741171360016
        },
        "real": {
            "MAE": 129749.75,
            "MSE": 34767376384.0,
            "RMSE": 186460.125,
            "R2": 0.6870395541191101,
            "MAPE": 29.265353083610535
        }
    },
    "best_val_loss": 0.0007048306870274246
}