{
    "Validation": {
        "scaled": {
            "MAE": 0.018931368365883827,
            "MSE": 0.0008117249817587435,
            "RMSE": 0.028490787371993065,
            "R2": 0.6135644614696503,
            "MAPE": 46.54240012168884
        },
        "real": {
            "MAE": 144351.671875,
            "MSE": 47194198016.0,
            "RMSE": 217242.25,
            "R2": 0.6135644018650055,
            "MAPE": 32.333213090896606
        }
    },
    "Test": {
        "scaled": {
            "MAE": 0.018253641203045845,
            "MSE": 0.000688885455019772,
            "RMSE": 0.026246627792716026,
            "R2": 0.6394676268100739,
            "MAPE": 46.78831696510315
        },
        "real": {
            "MAE": 139184.015625,
            "MSE": 40052232192.0,
            "RMSE": 200130.53125,
            "R2": 0.6394676566123962,
            "MAPE": 31.82956874370575
        }
    },
    "best_val_loss": 0.0008117249817587435
}