{
    "Validation": {
        "scaled": {
            "MAE": 0.030634010210633278,
            "MSE": 0.001997452462092042,
            "RMSE": 0.04469286650419235,
            "R2": 0.04907864332199097,
            "MAPE": 75.94634246826172
        },
        "real": {
            "MAE": 233584.328125,
            "MSE": 116133142528.0,
            "RMSE": 340783.125,
            "R2": 0.049078524112701416,
            "MAPE": 53.433956146240234
        }
    },
    "Test": {
        "scaled": {
            "MAE": 0.02950098365545273,
            "MSE": 0.0017736289883032441,
            "RMSE": 0.04211447387933731,
            "R2": 0.07176053524017334,
            "MAPE": 77.3593521118164
        },
        "real": {
            "MAE": 224945.015625,
            "MSE": 103119896576.0,
            "RMSE": 321122.875,
            "R2": 0.07176053524017334,
            "MAPE": 52.00184631347656
        }
    },
    "best_val_loss": 0.001997452462092042
}