{
    "Validation": {
        "scaled": {
            "MAE": 0.030365794897079468,
            "MSE": 0.0021122319158166647,
            "RMSE": 0.045959025621414185,
            "R2": -0.005564093589782715,
            "MAPE": 76.12333679199219
        },
        "real": {
            "MAE": 231539.1875,
            "MSE": 122806484992.0,
            "RMSE": 350437.5625,
            "R2": -0.005564212799072266,
            "MAPE": 52.11675262451172
        }
    },
    "Test": {
        "scaled": {
            "MAE": 0.03042137250304222,
            "MSE": 0.0019623669795691967,
            "RMSE": 0.04429861158132553,
            "R2": -0.027016639709472656,
            "MAPE": 80.69666290283203
        },
        "real": {
            "MAE": 231963.0,
            "MSE": 114093244416.0,
            "RMSE": 337776.90625,
            "R2": -0.027016639709472656,
            "MAPE": 53.77596664428711
        }
    },
    "best_val_loss": 0.0021122319158166647
}