{
    "Validation": {
        "scaled": {
            "MAE": 0.03051191009581089,
            "MSE": 0.002120198914781213,
            "RMSE": 0.04604561626911163,
            "R2": -0.009356856346130371
        },
        "real": {
            "MAE": 232653.296875,
            "MSE": 123269685248.0,
            "RMSE": 351097.84375,
            "R2": -0.009356975555419922
        }
    },
    "Test": {
        "scaled": {
            "MAE": 0.029825035482645035,
            "MSE": 0.0019430002430453897,
            "RMSE": 0.04407947510480881,
            "R2": -0.01688098907470703
        },
        "real": {
            "MAE": 227415.875,
            "MSE": 112967254016.0,
            "RMSE": 336106.03125,
            "R2": -0.01688086986541748
        }
    },
    "best_val_loss": 0.002110131084918976
}