{
    "MAE": 0.03215192258358002,
    "RMSE": 0.04879894480109215,
    "best_val_loss": 0.00238133710809052
}