{
    "Validation": {
        "scaled": {
            "MAE": 0.00951637513935566,
            "MSE": 0.00027983917971141636,
            "RMSE": 0.016728393733501434,
            "R2": 0.8755555972456932,
            "MAPE": 18.592023849487305
        },
        "real": {
            "MAE": 72562.3515625,
            "MSE": 16270024704.0,
            "RMSE": 127554.0078125,
            "R2": 0.8755556046962738,
            "MAPE": 13.82487565279007
        }
    },
    "Test": {
        "scaled": {
            "MAE": 0.009858568198978901,
            "MSE": 0.0003468356153462082,
            "RMSE": 0.01862352341413498,
            "R2": 0.8589238226413727,
            "MAPE": 19.471152126789093
        },
        "real": {
            "MAE": 75171.578125,
            "MSE": 20165240832.0,
            "RMSE": 142004.375,
            "R2": 0.8589238226413727,
            "MAPE": 13.983722031116486
        }
    },
    "best_validation_rmse": 0.016728394510169352
}