{
    "Validation": {
        "scaled": {
            "MAE": 0.01815927028656006,
            "MSE": 0.0006992566050030291,
            "RMSE": 0.02644346095621586,
            "R2": 0.6671069860458374,
            "MAPE": 43.59012985229492
        },
        "real": {
            "MAE": 138464.4375,
            "MSE": 40655212544.0,
            "RMSE": 201631.375,
            "R2": 0.6671069860458374,
            "MAPE": 30.603307723999023
        }
    },
    "Test": {
        "scaled": {
            "MAE": 0.017730364575982094,
            "MSE": 0.0006168347899802029,
            "RMSE": 0.024836158379912376,
            "R2": 0.677175760269165,
            "MAPE": 43.67037582397461
        },
        "real": {
            "MAE": 135194.03125,
            "MSE": 35863158784.0,
            "RMSE": 189375.703125,
            "R2": 0.677175760269165,
            "MAPE": 30.456388473510742
        }
    },
    "best_val_loss": 0.0006992566050030291
}