{
    "Validation": {
        "scaled": {
            "MAE": 0.009810499846935272,
            "MSE": 0.00029289539088495076,
            "RMSE": 0.0171141866594553,
            "R2": 0.8702272474765778,
            "MAPE": 19.36454474925995
        },
        "real": {
            "MAE": 74805.0625,
            "MSE": 17029121024.0,
            "RMSE": 130495.671875,
            "R2": 0.8702272325754166,
            "MAPE": 14.2026886343956
        }
    },
    "Test": {
        "scaled": {
            "MAE": 0.009966590441763401,
            "MSE": 0.0003538784512784332,
            "RMSE": 0.018811658024787903,
            "R2": 0.8553934693336487,
            "MAPE": 19.63425725698471
        },
        "real": {
            "MAE": 75995.25,
            "MSE": 20574713856.0,
            "RMSE": 143438.890625,
            "R2": 0.8553934842348099,
            "MAPE": 14.378175139427185
        }
    },
    "best_validation_rmse": 0.017114186720264025
}