{
    "Validation": {
        "scaled": {
            "MAE": 0.01799844019114971,
            "MSE": 0.0006955044227652252,
            "RMSE": 0.02637241780757904,
            "R2": 0.6688932180404663,
            "MAPE": 43.831382751464844
        },
        "real": {
            "MAE": 137238.09375,
            "MSE": 40437063680.0,
            "RMSE": 201089.6875,
            "R2": 0.6688932180404663,
            "MAPE": 30.800670623779297
        }
    },
    "Test": {
        "scaled": {
            "MAE": 0.017713647335767746,
            "MSE": 0.0006300018867477775,
            "RMSE": 0.02509983815252781,
            "R2": 0.6702846884727478,
            "MAPE": 44.0048942565918
        },
        "real": {
            "MAE": 135066.5625,
            "MSE": 36628701184.0,
            "RMSE": 191386.265625,
            "R2": 0.6702847480773926,
            "MAPE": 30.869796752929688
        }
    },
    "best_val_loss": 0.0006955044227652252
}