{
    "Validation": {
        "scaled": {
            "MAE": 0.03312961384654045,
            "MSE": 0.002488743280991912,
            "RMSE": 0.04988730698823929,
            "R2": -0.18480873107910156,
            "MAPE": 78.30343246459961
        },
        "real": {
            "MAE": 252613.296875,
            "MSE": 144697081856.0,
            "RMSE": 380390.6875,
            "R2": -0.18480873107910156,
            "MAPE": 53.97753119468689
        }
    },
    "Test": {
        "scaled": {
            "MAE": 0.03326782211661339,
            "MSE": 0.0022966652177274227,
            "RMSE": 0.047923535108566284,
            "R2": -0.20197367668151855,
            "MAPE": 83.60094428062439
        },
        "real": {
            "MAE": 253667.140625,
            "MSE": 133529542656.0,
            "RMSE": 365416.9375,
            "R2": -0.201973557472229,
            "MAPE": 56.26329779624939
        }
    },
    "best_val_loss": 0.002458039438351989
}