{
    "Validation": {
        "scaled": {
            "MAE": 0.02690734900534153,
            "MSE": 0.0014175864635035396,
            "RMSE": 0.03765084967017174,
            "R2": 0.3251338005065918,
            "MAPE": 70.4274833202362
        },
        "real": {
            "MAE": 205168.515625,
            "MSE": 82419351552.0,
            "RMSE": 287087.71875,
            "R2": 0.3251338005065918,
            "MAPE": 49.267953634262085
        }
    },
    "Test": {
        "scaled": {
            "MAE": 0.02567090094089508,
            "MSE": 0.001222110353410244,
            "RMSE": 0.034958694130182266,
            "R2": 0.36040109395980835,
            "MAPE": 67.81021356582642
        },
        "real": {
            "MAE": 195740.609375,
            "MSE": 71054270464.0,
            "RMSE": 266560.0625,
            "R2": 0.36040109395980835,
            "MAPE": 46.926337480545044
        }
    },
    "best_val_loss": 0.0013680349802598357
}