{
    "Validation": {
        "scaled": {
            "MAE": 0.018297892063856125,
            "MSE": 0.0007412612903863192,
            "RMSE": 0.02722611464560032,
            "R2": 0.6471098959445953,
            "MAPE": 43.938642740249634
        },
        "real": {
            "MAE": 139521.421875,
            "MSE": 43097395200.0,
            "RMSE": 207599.125,
            "R2": 0.6471098959445953,
            "MAPE": 30.773702263832092
        }
    },
    "Test": {
        "scaled": {
            "MAE": 0.017801163718104362,
            "MSE": 0.0006510072853416204,
            "RMSE": 0.025514844805002213,
            "R2": 0.6592913866043091,
            "MAPE": 44.03088092803955
        },
        "real": {
            "MAE": 135733.859375,
            "MSE": 37849968640.0,
            "RMSE": 194550.6875,
            "R2": 0.6592914164066315,
            "MAPE": 30.700981616973877
        }
    },
    "best_val_loss": 0.0007412612321786582
}