{
    "Validation": {
        "scaled": {
            "MAE": 0.01829914003610611,
            "MSE": 0.0007412839913740754,
            "RMSE": 0.027226531878113747,
            "R2": 0.647099107503891,
            "MAPE": 43.94621551036835
        },
        "real": {
            "MAE": 139530.9375,
            "MSE": 43098714112.0,
            "RMSE": 207602.296875,
            "R2": 0.6470990777015686,
            "MAPE": 30.778613686561584
        }
    },
    "Test": {
        "scaled": {
            "MAE": 0.017802439630031586,
            "MSE": 0.0006510347011499107,
            "RMSE": 0.02551538124680519,
            "R2": 0.6592770516872406,
            "MAPE": 44.03878450393677
        },
        "real": {
            "MAE": 135743.578125,
            "MSE": 37851566080.0,
            "RMSE": 194554.796875,
            "R2": 0.6592770218849182,
            "MAPE": 30.706048011779785
        }
    },
    "best_val_loss": 0.0007412839331664145
}