{
    "Validation": {
        "scaled": {
            "MAE": 0.009711838327348232,
            "MSE": 0.00035501972888596356,
            "RMSE": 0.01884196698665619,
            "R2": 0.868553414940834,
            "MAPE": 19.014772772789
        },
        "real": {
            "MAE": 74052.7578125,
            "MSE": 20641069056.0,
            "RMSE": 143670.0,
            "R2": 0.868553414940834,
            "MAPE": 13.889037072658539
        }
    },
    "Test": {
        "scaled": {
            "MAE": 0.009703734889626503,
            "MSE": 0.0003316147194709629,
            "RMSE": 0.018210291862487793,
            "R2": 0.837847039103508,
            "MAPE": 18.86962205171585
        },
        "real": {
            "MAE": 73990.9765625,
            "MSE": 19280287744.0,
            "RMSE": 138853.46875,
            "R2": 0.8378470540046692,
            "MAPE": 13.735587894916534
        }
    },
    "best_validation_rmse": 0.01884196654522543
}