{
    "Validation": {
        "scaled": {
            "MAE": 0.033771079033613205,
            "MSE": 0.0023324303328990936,
            "RMSE": 0.048295240849256516,
            "R2": -0.11039328575134277,
            "MAPE": 93.54691505432129
        },
        "real": {
            "MAE": 257504.484375,
            "MSE": 135608967168.0,
            "RMSE": 368251.21875,
            "R2": -0.11039352416992188,
            "MAPE": 62.93457746505737
        }
    },
    "Test": {
        "scaled": {
            "MAE": 0.03376814350485802,
            "MSE": 0.0021758798975497484,
            "RMSE": 0.046646326780319214,
            "R2": -0.13875997066497803,
            "MAPE": 97.48440384864807
        },
        "real": {
            "MAE": 257482.0625,
            "MSE": 126507008000.0,
            "RMSE": 355678.25,
            "R2": -0.13875973224639893,
            "MAPE": 64.34585452079773
        }
    },
    "best_val_loss": 0.0023324303328990936
}