{
    "Validation": {
        "scaled": {
            "MAE": 0.030130086466670036,
            "MSE": 0.002024211920797825,
            "RMSE": 0.04499124363064766,
            "R2": 0.036339402198791504
        },
        "real": {
            "MAE": 229741.90625,
            "MSE": 117688942592.0,
            "RMSE": 343058.21875,
            "R2": 0.03633928298950195
        }
    },
    "Test": {
        "scaled": {
            "MAE": 0.029908200725913048,
            "MSE": 0.0018819343531504273,
            "RMSE": 0.04338126629590988,
            "R2": 0.015078246593475342
        },
        "real": {
            "MAE": 228050.015625,
            "MSE": 109416833024.0,
            "RMSE": 330782.15625,
            "R2": 0.015078365802764893
        }
    },
    "best_val_loss": 0.002024211920797825
}