{
    "Validation": {
        "scaled": {
            "MAE": 0.03373902663588524,
            "MSE": 0.002329270588234067,
            "RMSE": 0.048262517899274826,
            "R2": -0.10888898372650146,
            "MAPE": 93.4843897819519
        },
        "real": {
            "MAE": 257260.078125,
            "MSE": 135425228800.0,
            "RMSE": 368001.65625,
            "R2": -0.10888898372650146,
            "MAPE": 62.88389563560486
        }
    },
    "Test": {
        "scaled": {
            "MAE": 0.033747438341379166,
            "MSE": 0.0021730856969952583,
            "RMSE": 0.04661636799573898,
            "R2": -0.1372976303100586,
            "MAPE": 97.44734168052673
        },
        "real": {
            "MAE": 257324.21875,
            "MSE": 126344552448.0,
            "RMSE": 355449.78125,
            "R2": -0.1372973918914795,
            "MAPE": 64.31436538696289
        }
    },
    "best_val_loss": 0.0023292703554034233
}