{
    "Validation": {
        "scaled": {
            "MAE": 0.032236360013484955,
            "MSE": 0.0023348296526819468,
            "RMSE": 0.04832007363438606,
            "R2": -0.11153554916381836,
            "MAPE": 76.00713348388672
        },
        "real": {
            "MAE": 245802.234375,
            "MSE": 135748444160.0,
            "RMSE": 368440.5625,
            "R2": -0.11153554916381836,
            "MAPE": 53.206504821777344
        }
    },
    "Test": {
        "scaled": {
            "MAE": 0.0331636480987072,
            "MSE": 0.002255117055028677,
            "RMSE": 0.04748807102441788,
            "R2": -0.18022918701171875,
            "MAPE": 80.5088882446289
        },
        "real": {
            "MAE": 252872.84375,
            "MSE": 131113910272.0,
            "RMSE": 362096.5625,
            "R2": -0.1802290678024292,
            "MAPE": 56.5103645324707
        }
    },
    "best_val_loss": 0.002334829419851303
}