{
    "Validation": {
        "scaled": {
            "MAE": 0.031109530478715897,
            "MSE": 0.0022214630153030157,
            "RMSE": 0.047132398933172226,
            "R2": -0.05756533145904541,
            "MAPE": 76.46954345703125
        },
        "real": {
            "MAE": 237210.1875,
            "MSE": 129157234688.0,
            "RMSE": 359384.53125,
            "R2": -0.05756533145904541,
            "MAPE": 52.76250076293945
        }
    },
    "Test": {
        "scaled": {
            "MAE": 0.030377788469195366,
            "MSE": 0.002014341065660119,
            "RMSE": 0.04488141089677811,
            "R2": -0.05421769618988037,
            "MAPE": 78.71631622314453
        },
        "real": {
            "MAE": 231630.625,
            "MSE": 117115043840.0,
            "RMSE": 342220.75,
            "R2": -0.05421757698059082,
            "MAPE": 52.75712585449219
        }
    },
    "best_val_loss": 0.0022037930320948362
}