{
    "Validation": {
        "scaled": {
            "MAE": 0.008962924592196941,
            "MSE": 0.0002585041511338204,
            "RMSE": 0.01607806421816349,
            "R2": 0.8790844976902008,
            "MAPE": 18.176789581775665
        },
        "real": {
            "MAE": 68342.3046875,
            "MSE": 15029593088.0,
            "RMSE": 122595.2421875,
            "R2": 0.8790844976902008,
            "MAPE": 12.954956293106079
        }
    },
    "Test": {
        "scaled": {
            "MAE": 0.009390742518007755,
            "MSE": 0.00028879253659397364,
            "RMSE": 0.016993897035717964,
            "R2": 0.8801352605223656,
            "MAPE": 18.723906576633453
        },
        "real": {
            "MAE": 71604.40625,
            "MSE": 16790577152.0,
            "RMSE": 129578.4609375,
            "R2": 0.8801352754235268,
            "MAPE": 13.302059471607208
        }
    },
    "best_validation_rmse": 0.01607806375999959
}