{
    "Validation": {
        "scaled": {
            "MAE": 0.0241148229688406,
            "MSE": 0.0013054333394393325,
            "RMSE": 0.03613078221678734,
            "R2": 0.3785262107849121,
            "MAPE": 56.9607675075531
        },
        "real": {
            "MAE": 183875.53125,
            "MSE": 75898716160.0,
            "RMSE": 275497.21875,
            "R2": 0.37852609157562256,
            "MAPE": 40.29330611228943
        }
    },
    "Test": {
        "scaled": {
            "MAE": 0.023494239896535873,
            "MSE": 0.001158468541689217,
            "RMSE": 0.03403628244996071,
            "R2": 0.39370840787887573,
            "MAPE": 55.58175444602966
        },
        "real": {
            "MAE": 179143.578125,
            "MSE": 67354087424.0,
            "RMSE": 259526.65625,
            "R2": 0.3937084674835205,
            "MAPE": 39.1575425863266
        }
    },
    "best_val_loss": 0.0013054334558546543
}