{
    "Validation": {
        "scaled": {
            "MAE": 0.017778459936380386,
            "MSE": 0.0006845299503766,
            "RMSE": 0.026163524016737938,
            "R2": 0.6741178035736084,
            "MAPE": 43.996192932128906
        },
        "real": {
            "MAE": 135560.75,
            "MSE": 39798996992.0,
            "RMSE": 199496.859375,
            "R2": 0.6741178035736084,
            "MAPE": 30.809364318847656
        }
    },
    "Test": {
        "scaled": {
            "MAE": 0.017381248995661736,
            "MSE": 0.0005869287415407598,
            "RMSE": 0.024226611480116844,
            "R2": 0.6928272843360901,
            "MAPE": 43.883243560791016
        },
        "real": {
            "MAE": 132532.03125,
            "MSE": 34124406784.0,
            "RMSE": 184727.921875,
            "R2": 0.6928272247314453,
            "MAPE": 30.638568878173828
        }
    },
    "best_val_loss": 0.0006845299503766
}