{
    "MAE": 0.02942207083106041,
    "RMSE": 0.04634967818856239,
    "best_val_loss": 0.002148292725905776
}