{
    "Validation": {
        "scaled": {
            "MAE": 0.030576759949326515,
            "MSE": 0.0021622152999043465,
            "RMSE": 0.04649962857365608,
            "R2": -0.02935957908630371,
            "MAPE": 76.44104766845703
        },
        "real": {
            "MAE": 233147.796875,
            "MSE": 125712547840.0,
            "RMSE": 354559.65625,
            "R2": -0.02935957908630371,
            "MAPE": 52.19685363769531
        }
    },
    "Test": {
        "scaled": {
            "MAE": 0.03164331242442131,
            "MSE": 0.002068157773464918,
            "RMSE": 0.0454770028591156,
            "R2": -0.0823829174041748,
            "MAPE": 85.78571319580078
        },
        "real": {
            "MAE": 241280.234375,
            "MSE": 120243978240.0,
            "RMSE": 346762.125,
            "R2": -0.08238279819488525,
            "MAPE": 57.114444732666016
        }
    },
    "best_val_loss": 0.002143827034160495
}