{
    "Validation": {
        "scaled": {
            "MAE": 0.03262319788336754,
            "MSE": 0.002125803381204605,
            "RMSE": 0.04610643535852432,
            "R2": -0.012024998664855957,
            "MAPE": 89.12752532958984
        },
        "real": {
            "MAE": 248751.859375,
            "MSE": 123595538432.0,
            "RMSE": 351561.5625,
            "R2": -0.012025117874145508,
            "MAPE": 60.9518928527832
        }
    },
    "Test": {
        "scaled": {
            "MAE": 0.031226102262735367,
            "MSE": 0.0019092510920017958,
            "RMSE": 0.04369497671723366,
            "R2": 0.0007818341255187988,
            "MAPE": 86.68077850341797
        },
        "real": {
            "MAE": 238099.03125,
            "MSE": 111005048832.0,
            "RMSE": 333174.1875,
            "R2": 0.0007819533348083496,
            "MAPE": 58.107418060302734
        }
    },
    "best_val_loss": 0.002101384336128831
}