{
    "Validation": {
        "scaled": {
            "MAE": 0.024726243689656258,
            "MSE": 0.001485201995819807,
            "RMSE": 0.03853831812739372,
            "R2": 0.2929442524909973,
            "MAPE": 51.700979471206665
        },
        "real": {
            "MAE": 188537.625,
            "MSE": 86350577664.0,
            "RMSE": 293854.6875,
            "R2": 0.29294413328170776,
            "MAPE": 38.19871246814728
        }
    },
    "Test": {
        "scaled": {
            "MAE": 0.024282734841108322,
            "MSE": 0.0012522331671789289,
            "RMSE": 0.03538690507411957,
            "R2": 0.34463614225387573,
            "MAPE": 52.35370993614197
        },
        "real": {
            "MAE": 185155.84375,
            "MSE": 72805629952.0,
            "RMSE": 269825.1875,
            "R2": 0.34463614225387573,
            "MAPE": 38.49056363105774
        }
    },
    "best_val_loss": 0.0014519240939989686
}