{
    "Validation": {
        "scaled": {
            "MAE": 0.025133781135082245,
            "MSE": 0.0015691708540543914,
            "RMSE": 0.03961276262998581,
            "R2": 0.2529693841934204,
            "MAPE": 59.69417691230774
        },
        "real": {
            "MAE": 191645.09375,
            "MSE": 91232583680.0,
            "RMSE": 302047.3125,
            "R2": 0.25296926498413086,
            "MAPE": 41.612765192985535
        }
    },
    "Test": {
        "scaled": {
            "MAE": 0.02419842965900898,
            "MSE": 0.0012987109366804361,
            "RMSE": 0.0360376313328743,
            "R2": 0.3203117847442627,
            "MAPE": 60.51269173622131
        },
        "real": {
            "MAE": 184513.0,
            "MSE": 75507867648.0,
            "RMSE": 274786.9375,
            "R2": 0.3203117251396179,
            "MAPE": 41.04733765125275
        }
    },
    "best_val_loss": 0.0015691708540543914
}