{
    "Validation": {
        "scaled": {
            "MAE": 0.017701035365462303,
            "MSE": 0.0007215148652903736,
            "RMSE": 0.026861028745770454,
            "R2": 0.6565105319023132,
            "MAPE": 41.88620448112488
        },
        "real": {
            "MAE": 134970.390625,
            "MSE": 41949327360.0,
            "RMSE": 204815.34375,
            "R2": 0.6565105020999908,
            "MAPE": 29.641538858413696
        }
    },
    "Test": {
        "scaled": {
            "MAE": 0.017305685207247734,
            "MSE": 0.0006179340416565537,
            "RMSE": 0.024858279153704643,
            "R2": 0.676600456237793,
            "MAPE": 42.318060994148254
        },
        "real": {
            "MAE": 131955.859375,
            "MSE": 35927076864.0,
            "RMSE": 189544.390625,
            "R2": 0.676600456237793,
            "MAPE": 29.61115539073944
        }
    },
    "best_val_loss": 0.0007215147488750517
}