{
    "Validation": {
        "scaled": {
            "MAE": 0.018179943785071373,
            "MSE": 0.0007258437690325081,
            "RMSE": 0.026941487565636635,
            "R2": 0.6544496715068817,
            "MAPE": 43.90714764595032
        },
        "real": {
            "MAE": 138622.078125,
            "MSE": 42201010176.0,
            "RMSE": 205428.84375,
            "R2": 0.6544496417045593,
            "MAPE": 31.115776300430298
        }
    },
    "Test": {
        "scaled": {
            "MAE": 0.017799796536564827,
            "MSE": 0.0006490935338661075,
            "RMSE": 0.025477314367890358,
            "R2": 0.6602929830551147,
            "MAPE": 44.25782561302185
        },
        "real": {
            "MAE": 135723.453125,
            "MSE": 37738700800.0,
            "RMSE": 194264.515625,
            "R2": 0.6602929830551147,
            "MAPE": 30.907416343688965
        }
    },
    "best_val_loss": 0.0007258437690325081
}