{
    "Validation": {
        "scaled": {
            "MAE": 0.03048858977854252,
            "MSE": 0.0021217800676822662,
            "RMSE": 0.046062782406806946,
            "R2": -0.010109543800354004,
            "MAPE": 76.22396087646484
        },
        "real": {
            "MAE": 232475.484375,
            "MSE": 123361624064.0,
            "RMSE": 351228.75,
            "R2": -0.010109782218933105,
            "MAPE": 52.20652389526367
        }
    },
    "Test": {
        "scaled": {
            "MAE": 0.029801873490214348,
            "MSE": 0.0019453526474535465,
            "RMSE": 0.04410615190863609,
            "R2": -0.0181121826171875,
            "MAPE": 76.28128814697266
        },
        "real": {
            "MAE": 227239.265625,
            "MSE": 113104011264.0,
            "RMSE": 336309.40625,
            "R2": -0.0181119441986084,
            "MAPE": 51.33821487426758
        }
    },
    "best_val_loss": 0.002110455185174942
}