{
    "Validation": {
        "scaled": {
            "MAE": 0.023606058210134506,
            "MSE": 0.0014213507529348135,
            "RMSE": 0.03770080581307411,
            "R2": 0.3233416676521301,
            "MAPE": 51.07298493385315
        },
        "real": {
            "MAE": 179996.203125,
            "MSE": 82638233600.0,
            "RMSE": 287468.65625,
            "R2": 0.32334160804748535,
            "MAPE": 36.044782400131226
        }
    },
    "Test": {
        "scaled": {
            "MAE": 0.022658901289105415,
            "MSE": 0.0011377151822671294,
            "RMSE": 0.03373003378510475,
            "R2": 0.4045698046684265,
            "MAPE": 52.96187996864319
        },
        "real": {
            "MAE": 172774.125,
            "MSE": 66147471360.0,
            "RMSE": 257191.5,
            "R2": 0.4045698642730713,
            "MAPE": 36.24756634235382
        }
    },
    "best_val_loss": 0.0014213507529348135
}