{
    "Validation": {
        "scaled": {
            "MAE": 0.02736331708729267,
            "MSE": 0.001688086544163525,
            "RMSE": 0.04108633100986481,
            "R2": 0.1963576078414917,
            "MAPE": 63.03419494628906
        },
        "real": {
            "MAE": 208645.296875,
            "MSE": 98146394112.0,
            "RMSE": 313283.25,
            "R2": 0.1963576078414917,
            "MAPE": 45.128719329833984
        }
    },
    "Test": {
        "scaled": {
            "MAE": 0.026933781802654266,
            "MSE": 0.001543904421851039,
            "RMSE": 0.03929254785180092,
            "R2": 0.19198822975158691,
            "MAPE": 63.36335372924805
        },
        "real": {
            "MAE": 205370.09375,
            "MSE": 89763569664.0,
            "RMSE": 299605.6875,
            "R2": 0.1919882893562317,
            "MAPE": 44.57275390625
        }
    },
    "best_val_loss": 0.0016880863113328815
}