{
    "Validation": {
        "scaled": {
            "MAE": 0.02636473998427391,
            "MSE": 0.0014878625515848398,
            "RMSE": 0.03857282176613808,
            "R2": 0.2916775941848755,
            "MAPE": 67.83819198608398
        },
        "real": {
            "MAE": 201031.171875,
            "MSE": 86505259008.0,
            "RMSE": 294117.75,
            "R2": 0.2916775941848755,
            "MAPE": 47.11923003196716
        }
    },
    "Test": {
        "scaled": {
            "MAE": 0.026205146685242653,
            "MSE": 0.0013621666003018618,
            "RMSE": 0.03690754249691963,
            "R2": 0.2871018648147583,
            "MAPE": 68.37584972381592
        },
        "real": {
            "MAE": 199814.234375,
            "MSE": 79197216768.0,
            "RMSE": 281420.0,
            "R2": 0.2871019244194031,
            "MAPE": 47.1741646528244
        }
    },
    "best_val_loss": 0.0014251192333176732
}