{
    "Validation": {
        "scaled": {
            "MAE": 0.01848016493022442,
            "MSE": 0.0007389880483970046,
            "RMSE": 0.02718433551490307,
            "R2": 0.6481921076774597,
            "MAPE": 43.59259796142578
        },
        "real": {
            "MAE": 140911.25,
            "MSE": 42965229568.0,
            "RMSE": 207280.5625,
            "R2": 0.6481920480728149,
            "MAPE": 31.146562576293945
        }
    },
    "Test": {
        "scaled": {
            "MAE": 0.018170282244682312,
            "MSE": 0.0006533298292197287,
            "RMSE": 0.025560317561030388,
            "R2": 0.6580758690834045,
            "MAPE": 43.728939056396484
        },
        "real": {
            "MAE": 138548.390625,
            "MSE": 37985001472.0,
            "RMSE": 194897.40625,
            "R2": 0.6580759286880493,
            "MAPE": 31.22926139831543
        }
    },
    "best_val_loss": 0.0007389881066046655
}