{
    "Validation": {
        "scaled": {
            "MAE": 0.032044313848018646,
            "MSE": 0.0021305361296981573,
            "RMSE": 0.04615773260593414,
            "R2": -0.014278054237365723,
            "MAPE": 86.91767120361328
        },
        "real": {
            "MAE": 244337.859375,
            "MSE": 123870683136.0,
            "RMSE": 351952.65625,
            "R2": -0.014278054237365723,
            "MAPE": 58.84228515625
        }
    },
    "Test": {
        "scaled": {
            "MAE": 0.031408440321683884,
            "MSE": 0.0019330037757754326,
            "RMSE": 0.043965939432382584,
            "R2": -0.011649250984191895,
            "MAPE": 88.68031311035156
        },
        "real": {
            "MAE": 239489.328125,
            "MSE": 112386031616.0,
            "RMSE": 335240.25,
            "R2": -0.011649012565612793,
            "MAPE": 58.7598876953125
        }
    },
    "best_val_loss": 0.0021196668967604637
}