{
    "Validation": {
        "scaled": {
            "MAE": 0.03408323973417282,
            "MSE": 0.0024304708931595087,
            "RMSE": 0.049299806356430054,
            "R2": -0.1570671796798706,
            "MAPE": 86.85550093650818
        },
        "real": {
            "MAE": 259884.671875,
            "MSE": 141309083648.0,
            "RMSE": 375911.0,
            "R2": -0.1570671796798706,
            "MAPE": 59.68881845474243
        }
    },
    "Test": {
        "scaled": {
            "MAE": 0.033428631722927094,
            "MSE": 0.0022340735886245966,
            "RMSE": 0.04726598784327507,
            "R2": -0.16921591758728027,
            "MAPE": 88.27277421951294
        },
        "real": {
            "MAE": 254893.3125,
            "MSE": 129890426880.0,
            "RMSE": 360403.15625,
            "R2": -0.16921579837799072,
            "MAPE": 59.179264307022095
        }
    },
    "best_val_loss": 0.0024304708931595087
}